# name	il	lat	lng	popular	type	slug(optional)
Adana	Adana	36.9914	35.3308	1	il
Adıyaman	Adıyaman	37.7648	38.2786	0	il
Afyonkarahisar	Afyonkarahisar	38.7507	30.5567	1	il	afyon
Ağrı	Ağrı	39.7191	43.0503	0	il
Amasya	Amasya	40.6499	35.8353	0	il
Ankara	Ankara	39.9334	32.8597	1	il
Antalya	Antalya	36.8969	30.7133	1	il
Artvin	Artvin	41.1828	41.8183	0	il
Aydın	Aydın	37.8560	27.8416	1	il
Balıkesir	Balıkesir	39.6484	27.8826	1	il
Bilecik	Bilecik	40.1426	29.9793	0	il
Bingöl	Bingöl	38.8847	40.4939	0	il
Bitlis	Bitlis	38.4006	42.1095	0	il
Bolu	Bolu	40.7360	31.6066	1	il
Burdur	Burdur	37.7203	30.2908	0	il
Bursa	Bursa	40.1885	29.0610	1	il
Çanakkale	Çanakkale	40.1553	26.4142	1	il
Çankırı	Çankırı	40.6013	33.6134	0	il
Çorum	Çorum	40.5506	34.9556	0	il
Denizli	Denizli	37.7765	29.0864	1	il
Diyarbakır	Diyarbakır	37.9144	40.2306	1	il
Edirne	Edirne	41.6818	26.5623	1	il
Elazığ	Elazığ	38.6810	39.2264	0	il
Erzincan	Erzincan	39.7500	39.5000	0	il
Erzurum	Erzurum	39.9000	41.2700	1	il
Eskişehir	Eskişehir	39.7767	30.5206	1	il
Gaziantep	Gaziantep	37.0662	37.3833	1	il
Giresun	Giresun	40.9128	38.3895	0	il
Gümüşhane	Gümüşhane	40.4386	39.5086	0	il
Hakkari	Hakkari	37.5744	43.7408	0	il
Hatay (Antakya)	Hatay	36.2021	36.1600	1	il	hatay
Isparta	Isparta	37.7648	30.5566	0	il
Mersin	Mersin	36.8121	34.6415	1	il
İstanbul (Avrupa Yakası)	İstanbul	41.0450	28.8650	1	il	istanbul-avrupa
İstanbul (Anadolu Yakası)	İstanbul	40.9920	29.1250	1	il	istanbul-anadolu
İzmir	İzmir	38.4237	27.1428	1	il
Kars	Kars	40.6013	43.0975	0	il
Kastamonu	Kastamonu	41.3887	33.7827	0	il
Kayseri	Kayseri	38.7312	35.4787	1	il
Kırklareli	Kırklareli	41.7333	27.2167	0	il
Kırşehir	Kırşehir	39.1425	34.1709	0	il
Kocaeli (İzmit)	Kocaeli	40.7700	29.9500	1	il	kocaeli
Konya	Konya	37.8746	32.4932	1	il
Kütahya	Kütahya	39.4242	29.9833	0	il
Malatya	Malatya	38.3552	38.3095	0	il
Manisa	Manisa	38.6191	27.4289	1	il
Kahramanmaraş	Kahramanmaraş	37.5858	36.9371	0	il
Mardin	Mardin	37.3212	40.7245	0	il
Muğla	Muğla	37.2153	28.3636	0	il
Muş	Muş	38.9462	41.7539	0	il
Nevşehir	Nevşehir	38.6939	34.6857	1	il
Niğde	Niğde	37.9667	34.6833	0	il
Ordu	Ordu	40.9839	37.8764	0	il
Rize	Rize	41.0201	40.5234	0	il
Sakarya (Adapazarı)	Sakarya	40.7569	30.3783	1	il	sakarya
Samsun	Samsun	41.2867	36.3300	1	il
Siirt	Siirt	37.9333	41.9500	0	il
Sinop	Sinop	42.0231	35.1531	0	il
Sivas	Sivas	39.7477	37.0179	0	il
Tekirdağ	Tekirdağ	40.9833	27.5167	1	il
Tokat	Tokat	40.3167	36.5500	0	il
Trabzon	Trabzon	41.0027	39.7168	1	il
Tunceli	Tunceli	39.1079	39.5401	0	il
Şanlıurfa	Şanlıurfa	37.1591	38.7969	1	il
Uşak	Uşak	38.6823	29.4082	0	il
Van	Van	38.4891	43.4089	0	il
Yozgat	Yozgat	39.8181	34.8147	0	il
Zonguldak	Zonguldak	41.4564	31.7987	0	il
Aksaray	Aksaray	38.3687	34.0370	0	il
Bayburt	Bayburt	40.2552	40.2249	0	il
Karaman	Karaman	37.1759	33.2287	0	il
Kırıkkale	Kırıkkale	39.8468	33.5153	0	il
Batman	Batman	37.8812	41.1351	0	il
Şırnak	Şırnak	37.5164	42.4611	0	il
Bartın	Bartın	41.6344	32.3375	0	il
Ardahan	Ardahan	41.1105	42.7022	0	il
Iğdır	Iğdır	39.9237	44.0450	0	il
Yalova	Yalova	40.6450	29.2700	0	il
Karabük	Karabük	41.2061	32.6204	0	il
Kilis	Kilis	36.7184	37.1212	0	il
Osmaniye	Osmaniye	37.0742	36.2478	0	il
Düzce	Düzce	40.8438	31.1565	0	il
Gebze	Kocaeli	40.8027	29.4307	1	ilce
Tarsus	Mersin	36.9177	34.8928	0	ilce
İskenderun	Hatay	36.5872	36.1735	1	ilce
Çeşme	İzmir	38.3236	26.3028	1	ilce
Kuşadası	Aydın	37.8579	27.2610	1	ilce
Bodrum	Muğla	37.0344	27.4305	1	ilce
Marmaris	Muğla	36.8550	28.2742	1	ilce
Fethiye	Muğla	36.6219	29.1164	1	ilce
Alanya	Antalya	36.5444	31.9954	1	ilce
Kemer	Antalya	36.5970	30.5600	0	ilce
Side (Manavgat)	Antalya	36.7870	31.4420	0	ilce	manavgat
Didim	Aydın	37.3750	27.2680	0	ilce
Ayvalık	Balıkesir	39.3190	26.6930	1	ilce
Edremit	Balıkesir	39.5960	27.0240	0	ilce
Bandırma	Balıkesir	40.3520	27.9769	0	ilce
Akhisar	Manisa	38.9180	27.8370	0	ilce
Turgutlu	Manisa	38.4960	27.7000	0	ilce
Aliağa	İzmir	38.7990	26.9720	0	ilce
Foça	İzmir	38.6700	26.7560	0	ilce
Torbalı	İzmir	38.1550	27.3620	0	ilce
Nazilli	Aydın	37.9130	28.3210	0	ilce
Pamukkale	Denizli	37.9200	29.1200	0	ilce
Çorlu	Tekirdağ	41.1590	27.8000	0	ilce
Lüleburgaz	Kırklareli	41.4040	27.3560	0	ilce
Silivri	İstanbul	41.0740	28.2460	0	ilce
Kapıkule (Sınır)	Edirne	41.7200	26.3600	0	ilce	kapikule
İnegöl	Bursa	40.0780	29.5100	0	ilce
Mudanya	Bursa	40.3750	28.8840	0	ilce
Gemlik	Bursa	40.4310	29.1560	0	ilce
Orhangazi	Bursa	40.4911	29.3072	0	ilce
Sapanca	Sakarya	40.6910	30.2670	0	ilce
Kartepe	Kocaeli	40.7530	30.0240	0	ilce
Gerede	Bolu	40.7980	32.1990	0	ilce
Kızılcahamam	Ankara	40.4700	32.6500	0	ilce
Polatlı	Ankara	39.5840	32.1470	0	ilce
Kapadokya (Ürgüp)	Nevşehir	38.6310	34.9120	1	ilce	kapadokya
Pozantı	Adana	37.4270	34.8710	0	ilce
Ceyhan	Adana	37.0290	35.8130	0	ilce
Dörtyol	Hatay	36.8390	36.2300	0	ilce
Nizip	Gaziantep	37.0100	37.7940	0	ilce
Birecik	Şanlıurfa	37.0270	37.9770	0	ilce
Eceabat	Çanakkale	40.1847	26.3578	0	ilce
Gelibolu	Çanakkale	40.4108	26.6716	0	ilce
Lapseki	Çanakkale	40.3450	26.6830	0	ilce
Keşan	Edirne	40.8560	26.6300	0	ilce
Malkara	Tekirdağ	40.8910	26.9010	0	ilce
Şile	İstanbul	41.1760	29.6120	0	ilce
Sabiha Gökçen Havalimanı	İstanbul	40.8986	29.3092	1	ilce	sabiha-gokcen-havalimani
İstanbul Havalimanı	İstanbul	41.2620	28.7420	1	ilce	istanbul-havalimani
Gölcük	Kocaeli	40.7050	29.8300	0	ilce
Karamürsel	Kocaeli	40.6850	29.6200	0	ilce
